,image_name,x1,y1,x2,y2
0,2021-02-15_15-50-18-801647.jpeg,600.6493225097656,542.1436614990234,929.339111328125,790.9701232910156
1,2021-02-15_15-50-18-801647.jpeg,238.95376586914062,836.1395874023438,353.8115234375,900.0
2,2021-02-15_15-50-18-801647.jpeg,699.5918579101562,464.998779296875,951.0498046875,626.7083740234375
3,2021-02-15_15-50-18-801647.jpeg,975.3698120117188,559.95654296875,1075.00830078125,772.9728393554688
4,2021-02-17_09-37-49-110358.jpeg,259.2529296875,673.0564270019531,616.2762756347656,900.0
5,2021-02-17_09-37-49-110358.jpeg,470.54754638671875,415.3067092895508,840.2169799804688,768.4729614257812
6,2021-02-17_09-37-49-110358.jpeg,243.15877532958984,435.88037109375,417.192626953125,580.9790649414062
7,2021-02-17_09-37-49-110358.jpeg,206.4365291595459,760.4973754882812,318.43309783935547,893.0204467773438
8,2021-02-17_09-37-49-110358.jpeg,517.9533386230469,655.54736328125,715.8577880859375,772.0344848632812
9,2021-02-17_09-37-49-110358.jpeg,550.529296875,308.3009834289551,652.6908569335938,380.6333923339844
10,2021-02-17_09-37-49-110358.jpeg,243.11565017700195,601.8444519042969,388.7459259033203,787.6155395507812
11,2021-02-17_09-37-49-110358.jpeg,594.02783203125,459.18223571777344,720.3462524414062,629.9238891601562
12,2021-02-17_09-37-49-110358.jpeg,655.7314758300781,698.9510498046875,855.9429931640625,875.2258911132812
13,2021-02-17_09-37-49-110358.jpeg,430.0244598388672,578.0987548828125,561.0914916992188,702.1332397460938
14,2021-02-17_09-37-49-110358.jpeg,648.2252807617188,834.5501708984375,766.2786254882812,900.0
15,2021-02-17_09-37-49-110358.jpeg,382.3165740966797,517.8498229980469,459.25677490234375,628.1063232421875
16,2021-02-17_09-37-49-110358.jpeg,738.082275390625,414.30782318115234,824.0831298828125,496.2351989746094
17,2021-02-17_09-37-49-110358.jpeg,741.146484375,555.2414703369141,861.4451904296875,744.574462890625
18,2021-02-17_09-37-49-110358.jpeg,299.71656036376953,773.9295043945312,425.2808837890625,899.5014038085938
19,2021-02-17_09-37-49-110358.jpeg,415.67466735839844,352.29517364501953,586.9664306640625,506.58045959472656
20,2021-02-17_09-37-49-110358.jpeg,928.1209106445312,608.3046264648438,1086.320556640625,770.4443969726562
21,2021-02-17_09-37-49-110358.jpeg,1054.2806396484375,836.5042724609375,1100.0,900.0
22,2021-02-17_09-37-49-110358.jpeg,482.700439453125,749.5762329101562,751.24267578125,895.7637329101562
23,2021-02-17_09-37-49-110358.jpeg,384.05125427246094,819.94580078125,519.7701721191406,900.0
24,2021-02-17_15-29-13-322960.jpeg,467.17901611328125,361.524959564209,766.6024169921875,605.9616088867188
25,2021-02-17_15-29-13-322960.jpeg,539.6605224609375,603.8944396972656,885.5824584960938,889.6203002929688
26,2021-02-17_15-29-13-322960.jpeg,200.0,642.6490478515625,421.40037536621094,900.0
27,2021-02-17_15-29-13-322960.jpeg,817.01123046875,817.2244873046875,918.6688232421875,900.0
28,2021-02-17_15-29-13-322960.jpeg,350.05975341796875,674.1340026855469,527.4851989746094,898.2134399414062
29,2021-02-17_15-29-13-322960.jpeg,687.31982421875,367.4046630859375,971.3594360351562,726.45751953125
30,2021-02-17_15-29-13-322960.jpeg,301.1890106201172,467.0254364013672,399.1615753173828,560.274169921875
31,2021-02-17_15-34-30-719023.jpeg,565.1329345703125,380.10105895996094,898.301025390625,708.8427734375
32,2021-02-17_15-34-30-719023.jpeg,539.3916015625,615.262451171875,872.5440673828125,870.1517333984375
33,2021-02-17_15-34-30-719023.jpeg,226.39971160888672,384.36932373046875,498.3189392089844,662.72119140625
34,2021-02-17_15-34-30-719023.jpeg,428.6875305175781,776.3655395507812,591.4190673828125,890.0333862304688
35,2021-02-17_15-34-30-719023.jpeg,563.9208068847656,481.1950378417969,691.2015686035156,576.1581115722656
36,2021-02-17_15-34-30-719023.jpeg,384.45220947265625,409.9257049560547,488.8028259277344,505.3131866455078
37,2021-02-17_15-34-30-719023.jpeg,449.37249755859375,655.1535034179688,537.2678833007812,759.3014831542969
38,2021-02-17_15-34-30-719023.jpeg,763.7579345703125,455.02471923828125,1019.1563720703125,847.2506103515625
39,2021-02-17_15-34-30-719023.jpeg,200.0,579.1941833496094,318.55371856689453,779.3522644042969
40,2021-02-17_15-34-30-719023.jpeg,292.3934783935547,598.6202697753906,493.2864990234375,823.1888427734375
41,2021-02-17_15-34-30-719023.jpeg,432.7433166503906,562.311279296875,679.8653259277344,756.3534851074219
42,2021-02-17_15-34-30-719023.jpeg,268.82012939453125,405.0763244628906,364.2360534667969,488.6653137207031
43,2021-02-19_09-35-22-936196.jpeg,830.6944580078125,424.99769592285156,1021.0001220703125,601.5916442871094
44,2021-02-19_09-35-22-936196.jpeg,464.4065246582031,401.40186309814453,808.0272216796875,730.78564453125
45,2021-02-19_09-35-22-936196.jpeg,943.3943481445312,343.5337562561035,1002.8689575195312,394.52506256103516
46,2021-02-19_09-35-22-936196.jpeg,681.175537109375,643.0021667480469,771.4338989257812,725.4141235351562
47,2021-02-17_15-15-48-266867.jpeg,441.3935546875,457.2345428466797,643.7761535644531,610.9021911621094
48,2021-02-17_15-15-48-266867.jpeg,211.36408615112305,530.1348724365234,407.0007781982422,849.142333984375
49,2021-02-17_15-15-48-266867.jpeg,591.9353637695312,530.5702209472656,816.7939453125,771.2071838378906
50,2021-02-17_15-15-48-266867.jpeg,227.70769119262695,350.30140686035156,343.91571044921875,610.2557678222656
51,2021-02-17_15-15-48-266867.jpeg,343.5479736328125,637.3682861328125,591.60693359375,900.0
52,2021-02-17_15-15-48-266867.jpeg,546.1939392089844,698.1873779296875,653.6887512207031,800.2879028320312
53,2021-02-17_15-15-48-266867.jpeg,625.29443359375,681.6162719726562,678.09375,731.92041015625
54,2021-02-17_15-15-48-266867.jpeg,754.388427734375,402.4075241088867,1014.4569091796875,872.0487670898438
55,2021-02-17_15-15-48-266867.jpeg,773.1743774414062,607.7003784179688,863.552734375,699.9894104003906
56,2021-02-17_15-15-48-266867.jpeg,550.5268859863281,775.03759765625,601.8591918945312,830.341064453125
57,2021-02-17_15-15-48-266867.jpeg,757.6446533203125,539.7123413085938,833.43505859375,638.3106079101562
58,2021-02-17_15-15-48-266867.jpeg,703.1396484375,719.2196044921875,743.6373291015625,760.8466186523438
59,2021-02-17_15-15-48-266867.jpeg,620.719970703125,726.3529357910156,665.3934020996094,762.6755676269531
60,2021-02-17_13-35-44-384629.jpeg,332.85540771484375,518.1065368652344,506.1649169921875,698.1612548828125
61,2021-02-17_13-35-44-384629.jpeg,238.6655502319336,714.2584533691406,421.1332244873047,888.394775390625
62,2021-02-17_13-35-44-384629.jpeg,633.296630859375,719.8670654296875,827.1663818359375,886.627197265625
63,2021-02-17_13-35-44-384629.jpeg,630.17919921875,495.42897033691406,803.3111572265625,653.7017211914062
64,2021-02-17_13-35-44-384629.jpeg,453.3098449707031,717.9818725585938,629.3097534179688,885.5774536132812
65,2021-02-17_13-35-44-384629.jpeg,200.0,537.7564086914062,331.31927490234375,764.5331726074219
66,2021-02-17_13-35-44-384629.jpeg,649.3194580078125,699.8692932128906,762.9398803710938,780.6307067871094
67,2021-02-17_13-35-44-384629.jpeg,693.4490051269531,302.5256824493408,741.9647216796875,343.08275985717773
68,2021-02-17_13-35-44-384629.jpeg,550.8054504394531,429.75054931640625,701.6157836914062,601.1011352539062
69,2021-02-17_13-35-44-384629.jpeg,692.9956665039062,391.6753234863281,985.9016723632812,824.5618896484375
70,2021-02-17_13-35-44-384629.jpeg,370.77923583984375,712.8681640625,444.147216796875,845.102294921875
71,2021-02-17_13-35-44-384629.jpeg,520.3468627929688,545.8366394042969,684.0844421386719,672.4871826171875
72,2021-02-17_13-35-44-384629.jpeg,449.3849182128906,704.2363891601562,531.3033142089844,797.0415649414062
73,2021-02-16_16-58-37-245809.jpeg,590.7253723144531,564.8196716308594,874.587646484375,845.2244873046875
74,2021-02-16_16-58-37-245809.jpeg,470.4039001464844,613.3622436523438,564.40673828125,710.75390625
75,2021-02-16_16-58-37-245809.jpeg,928.2720947265625,720.0586547851562,1095.0264892578125,897.3350219726562
76,2021-02-16_16-58-37-245809.jpeg,560.6088562011719,756.4788208007812,716.1517333984375,884.3032836914062
77,2021-02-16_16-58-37-245809.jpeg,387.7604217529297,791.8565368652344,544.6301879882812,900.0
78,2021-02-19_10-53-13-423455.jpeg,836.6463012695312,711.4569702148438,1069.73779296875,900.0
79,2021-02-19_10-53-13-423455.jpeg,720.1368408203125,602.3507995605469,1030.668701171875,752.4166259765625
80,2021-02-19_10-53-13-423455.jpeg,598.5168762207031,565.5767211914062,818.824951171875,779.3204345703125
81,2021-02-19_10-53-13-423455.jpeg,674.6773681640625,727.6850280761719,896.9345092773438,897.2755737304688
82,2021-02-19_10-53-13-423455.jpeg,654.6403198242188,572.7809448242188,756.5499267578125,664.1657104492188
83,2021-02-19_10-53-13-423455.jpeg,412.51605224609375,635.7620239257812,508.1643981933594,729.7272033691406
84,2021-02-19_10-53-13-423455.jpeg,800.4268798828125,567.8582458496094,854.3875122070312,612.51025390625
85,2021-02-17_13-26-33-852500.jpeg,442.7254333496094,744.4696044921875,633.2398986816406,896.7860717773438
86,2021-02-17_13-26-33-852500.jpeg,299.56695556640625,639.0158081054688,463.7880554199219,821.1873168945312
87,2021-02-17_13-26-33-852500.jpeg,430.46673583984375,443.2533874511719,598.7680053710938,652.5826721191406
88,2021-02-17_13-26-33-852500.jpeg,633.0240173339844,638.8953857421875,890.1343994140625,896.7686157226562
89,2021-02-17_13-26-33-852500.jpeg,235.10631561279297,809.0142211914062,412.9363098144531,898.1925048828125
90,2021-02-17_13-26-33-852500.jpeg,540.4522399902344,553.1575012207031,756.1239013671875,747.5571899414062
91,2021-02-17_13-26-33-852500.jpeg,359.3970947265625,552.587890625,456.841552734375,664.3883361816406
92,2021-02-17_13-26-33-852500.jpeg,366.52398681640625,435.6924743652344,479.07025146484375,604.7455139160156
93,2021-02-17_13-26-33-852500.jpeg,200.0,631.8675842285156,299.39379119873047,828.9680786132812
94,2021-02-17_13-26-33-852500.jpeg,452.21043395996094,620.873291015625,629.5326538085938,733.554931640625
95,2021-02-17_13-26-33-852500.jpeg,627.1117248535156,408.44801330566406,960.23095703125,715.5970458984375
96,2021-02-17_13-26-33-852500.jpeg,413.2538299560547,709.9302978515625,455.8682861328125,746.9903869628906
97,2021-02-16_16-55-54-272370.jpeg,588.3530578613281,697.9054565429688,748.5592041015625,866.6272583007812
98,2021-02-16_16-55-54-272370.jpeg,754.3995361328125,622.2650756835938,903.0531005859375,792.9149780273438
99,2021-02-16_16-55-54-272370.jpeg,521.1145629882812,385.43199920654297,898.5839233398438,757.5642700195312
100,2021-02-16_16-55-54-272370.jpeg,560.0859069824219,612.2317810058594,655.6814880371094,707.3755187988281
101,2021-02-19_09-17-40-472931.jpeg,679.4531860351562,746.7662658691406,830.1707763671875,888.6655883789062
102,2021-02-19_09-17-40-472931.jpeg,830.6649169921875,677.0537719726562,932.4888916015625,754.2158813476562
103,2021-02-19_09-17-40-472931.jpeg,557.7629089355469,434.8365173339844,924.6664428710938,856.836181640625
104,2021-02-19_09-17-40-472931.jpeg,849.8802490234375,624.7633056640625,941.123779296875,707.5465087890625
105,2021-02-19_09-17-40-472931.jpeg,701.0081481933594,670.9329223632812,805.0501708984375,763.3626708984375
106,2021-02-19_09-17-40-472931.jpeg,200.0,304.2037925720215,244.24778747558594,367.3995056152344
107,2021-02-19_09-17-40-472931.jpeg,618.0941467285156,802.825927734375,714.3697509765625,900.0
108,2021-02-19_09-17-40-472931.jpeg,785.2597045898438,774.2301025390625,930.6595458984375,894.5
109,2021-02-19_09-17-40-472931.jpeg,481.20819091796875,815.8734130859375,590.8892517089844,900.0
110,2021-02-19_09-17-40-472931.jpeg,756.7365112304688,630.3573608398438,839.9389038085938,704.0421752929688
111,2021-02-19_09-17-40-472931.jpeg,611.7979736328125,647.9021606445312,701.3337097167969,725.6051635742188
112,2021-02-19_09-17-40-472931.jpeg,554.310791015625,689.41015625,651.0941772460938,774.309326171875
113,2021-02-19_09-17-40-472931.jpeg,449.7085266113281,483.1786346435547,619.1986389160156,660.6549682617188
114,2021-02-17_15-10-57-194698.jpeg,437.27154541015625,446.2939910888672,594.9869995117188,580.591796875
115,2021-02-17_15-10-57-194698.jpeg,500.12188720703125,740.5158081054688,673.7467041015625,900.0
116,2021-02-17_15-10-57-194698.jpeg,479.4545593261719,485.55699157714844,853.7459716796875,770.1619262695312
117,2021-02-17_15-10-57-194698.jpeg,628.0082397460938,441.043212890625,787.3942260742188,562.5178527832031
118,2021-02-17_15-10-57-194698.jpeg,201.33093643188477,439.7912292480469,422.19422912597656,655.6125183105469
119,2021-02-17_15-10-57-194698.jpeg,373.4897155761719,719.746337890625,521.9237976074219,893.3104858398438
120,2021-02-17_15-10-57-194698.jpeg,484.92523193359375,387.0471649169922,675.5957641601562,507.5226287841797
121,2021-02-17_15-10-57-194698.jpeg,679.9503784179688,676.5264587402344,895.438720703125,897.0853271484375
122,2021-02-17_15-10-57-194698.jpeg,296.2133331298828,631.4779663085938,372.91246032714844,705.0472412109375
123,2021-02-17_15-10-57-194698.jpeg,228.197847366333,682.7079772949219,395.3667907714844,887.5292358398438
124,2021-02-17_15-10-57-194698.jpeg,746.1671142578125,666.690185546875,830.1730346679688,765.0910949707031
125,2021-02-17_15-10-57-194698.jpeg,506.0903625488281,609.5677795410156,656.5192260742188,740.294677734375
126,2021-02-17_15-10-57-194698.jpeg,930.5394287109375,748.4420471191406,1100.0,900.0
127,2021-02-17_15-10-57-194698.jpeg,564.47705078125,541.4519805908203,676.8955383300781,619.461181640625
128,2021-02-17_15-10-57-194698.jpeg,477.92523193359375,533.819580078125,567.8074340820312,621.8705444335938
129,2021-02-17_15-10-57-194698.jpeg,778.6010131835938,577.7131958007812,859.1329345703125,671.4850463867188
130,2021-02-17_15-10-57-194698.jpeg,228.56531143188477,835.1702880859375,365.6652374267578,900.0
131,2021-02-17_15-10-57-194698.jpeg,363.4387969970703,571.3226928710938,445.14219665527344,668.4739990234375
132,2021-02-16_16-36-34-429174.jpeg,664.0020141601562,424.12841033935547,782.2926635742188,625.7200317382812
133,2021-02-16_16-36-34-429174.jpeg,696.3049011230469,645.76416015625,845.4324951171875,900.0
134,2021-02-16_16-36-34-429174.jpeg,866.1615600585938,812.1741943359375,975.2420043945312,900.0
135,2021-02-16_16-36-34-429174.jpeg,451.680908203125,780.7108154296875,619.5199890136719,897.8619384765625
136,2021-02-16_16-36-34-429174.jpeg,700.7217407226562,542.3929443359375,759.843994140625,726.7268371582031
137,2021-02-16_16-36-34-429174.jpeg,639.6271362304688,714.2703552246094,707.693115234375,838.8209228515625
138,2021-02-16_16-36-34-429174.jpeg,452.7340393066406,439.5495910644531,813.6531982421875,829.0925903320312
139,2021-02-16_14-32-54-439769.jpeg,371.4042510986328,649.8303833007812,531.9398803710938,845.0137329101562
140,2021-02-16_14-32-54-439769.jpeg,438.7420654296875,393.52032470703125,616.2534790039062,560.1873168945312
141,2021-02-16_14-32-54-439769.jpeg,266.26656341552734,420.89847564697266,421.46722412109375,568.9575500488281
142,2021-02-16_14-32-54-439769.jpeg,407.97930908203125,413.28245544433594,494.3569030761719,482.7286071777344
143,2021-02-16_14-32-54-439769.jpeg,518.8588256835938,543.1161346435547,1018.3615112304688,636.7098083496094
144,2021-02-16_14-32-54-439769.jpeg,887.5645751953125,516.152587890625,1093.384521484375,648.1824340820312
145,2021-02-16_14-32-54-439769.jpeg,611.8106079101562,478.6915740966797,778.0692138671875,578.7762451171875
146,2021-02-16_14-32-54-439769.jpeg,547.654296875,688.7223815917969,667.5521240234375,767.7955627441406
147,2021-02-16_14-32-54-439769.jpeg,259.0321159362793,610.55029296875,424.5711669921875,781.7798767089844
148,2021-02-16_14-32-54-439769.jpeg,686.08056640625,575.7435302734375,1049.4871826171875,856.5931396484375
149,2021-02-16_14-32-54-439769.jpeg,272.48607635498047,494.69837951660156,738.1365356445312,791.5666809082031
150,2021-02-16_14-32-54-439769.jpeg,1065.126708984375,480.48583984375,1098.1427001953125,531.7940063476562
151,2021-02-16_14-32-54-439769.jpeg,471.13360595703125,705.0630493164062,709.580322265625,882.6925659179688
152,2021-02-16_14-32-54-439769.jpeg,348.13970947265625,823.6004028320312,435.5446472167969,900.0
153,2021-02-16_14-32-54-439769.jpeg,540.1611938476562,629.3498229980469,702.8507690429688,693.6039428710938
154,2021-02-16_14-32-54-439769.jpeg,960.0205078125,797.3905639648438,1091.5487060546875,897.45458984375
155,2021-02-16_14-32-54-439769.jpeg,744.7403564453125,596.5436096191406,995.9832763671875,669.8374328613281
156,2021-02-16_14-32-54-439769.jpeg,376.646728515625,487.3089904785156,556.3308715820312,637.2088928222656
157,2021-02-16_14-32-54-439769.jpeg,506.474365234375,403.5434265136719,1052.1300048828125,554.6273803710938
158,2021-02-16_14-32-54-439769.jpeg,597.5679321289062,605.3152770996094,813.5814819335938,661.4698791503906
159,2021-02-19_09-32-57-030169.jpeg,642.2820129394531,550.9046936035156,764.0009155273438,745.310302734375
160,2021-02-19_09-32-57-030169.jpeg,666.1044311523438,724.115966796875,788.36865234375,829.1475830078125
161,2021-02-19_09-32-57-030169.jpeg,735.0294189453125,418.2466049194336,933.263427734375,560.0816040039062
162,2021-02-19_09-32-57-030169.jpeg,639.386962890625,579.5239868164062,983.9962768554688,900.0
163,2021-02-19_09-32-57-030169.jpeg,864.7442016601562,524.6450500488281,922.9635009765625,571.3615112304688
164,2021-02-19_09-32-57-030169.jpeg,812.72021484375,806.4098510742188,928.8196411132812,892.0618896484375
165,2021-02-19_09-32-57-030169.jpeg,242.3211441040039,400.20904541015625,555.3128356933594,754.4111022949219
166,2021-02-19_09-32-57-030169.jpeg,509.06842041015625,546.9773559570312,600.635986328125,630.0708923339844
167,2021-02-19_09-32-57-030169.jpeg,442.1997375488281,432.9157409667969,624.128173828125,612.7407531738281
168,2021-02-19_09-32-57-030169.jpeg,718.5084228515625,506.46144104003906,826.0657348632812,588.08544921875
169,2021-02-19_09-32-57-030169.jpeg,738.049072265625,563.83056640625,819.9041748046875,648.3069458007812
170,2021-02-16_14-01-20-997118.jpeg,213.87146377563477,642.5611572265625,375.26373291015625,826.163818359375
171,2021-02-16_14-01-20-997118.jpeg,370.9497375488281,497.11940002441406,573.0952453613281,708.7774658203125
172,2021-02-16_14-01-20-997118.jpeg,537.2398681640625,631.2523498535156,640.3054809570312,900.0
173,2021-02-16_14-01-20-997118.jpeg,656.9891357421875,639.9295349121094,764.0863037109375,900.0
174,2021-02-16_14-01-20-997118.jpeg,408.8531799316406,705.2786865234375,524.2130126953125,900.0
175,2021-02-16_14-01-20-997118.jpeg,205.23919105529785,450.00880432128906,385.3160400390625,640.5067749023438
176,2021-02-16_14-01-20-997118.jpeg,415.669677734375,411.4750061035156,583.2263793945312,551.1109771728516
177,2021-02-16_14-01-20-997118.jpeg,739.8590087890625,728.8728637695312,816.2694702148438,881.1420288085938
178,2021-02-16_14-01-20-997118.jpeg,582.7005615234375,613.2913818359375,656.6886596679688,714.8540649414062
179,2021-02-16_14-01-20-997118.jpeg,572.0335693359375,415.99420166015625,895.0584106445312,706.5235595703125
180,2021-02-16_14-01-20-997118.jpeg,525.1759948730469,383.10028076171875,724.692626953125,545.3976440429688
181,2021-02-16_14-01-20-997118.jpeg,938.1209716796875,570.6182861328125,1081.056396484375,711.294189453125
182,2021-02-16_14-01-20-997118.jpeg,965.9273681640625,437.1495666503906,1079.2869873046875,525.8982543945312
183,2021-02-19_09-43-57-342380.jpeg,771.302490234375,557.8010864257812,896.5601196289062,729.1219482421875
184,2021-02-19_09-43-57-342380.jpeg,547.37841796875,385.22218322753906,890.57666015625,724.6090698242188
185,2021-02-19_09-43-57-342380.jpeg,450.7661437988281,467.8283386230469,626.3218994140625,652.51806640625
186,2021-02-17_13-06-53-464057.jpeg,744.1477661132812,515.4364013671875,884.8701782226562,655.2807006835938
187,2021-02-17_13-06-53-464057.jpeg,609.7827758789062,591.0426635742188,736.7432250976562,722.5329895019531
188,2021-02-17_13-06-53-464057.jpeg,564.7533264160156,503.3682556152344,686.9421691894531,620.4103393554688
189,2021-02-17_13-06-53-464057.jpeg,398.5045928955078,515.4284820556641,515.5886840820312,629.822021484375
190,2021-02-17_13-06-53-464057.jpeg,427.1289978027344,663.5299682617188,577.7751770019531,835.3069458007812
191,2021-02-17_13-06-53-464057.jpeg,319.8696594238281,765.7853393554688,519.8088073730469,889.0052490234375
192,2021-02-17_13-06-53-464057.jpeg,622.6600646972656,693.1445617675781,869.5616455078125,895.2844848632812
193,2021-02-17_13-06-53-464057.jpeg,662.9222106933594,702.5354919433594,736.304931640625,796.4973449707031
194,2021-02-17_13-06-53-464057.jpeg,782.578125,795.1536865234375,875.885986328125,894.6889038085938
195,2021-02-17_13-06-53-464057.jpeg,613.4327392578125,813.504150390625,714.2555541992188,895.4478759765625
196,2021-02-17_13-06-53-464057.jpeg,200.0,604.9819030761719,312.9405746459961,794.3609619140625
197,2021-02-17_13-06-53-464057.jpeg,461.8993835449219,427.7314682006836,728.555419921875,554.9738616943359
198,2021-02-17_13-06-53-464057.jpeg,678.4387512207031,829.404296875,798.2689208984375,897.8502197265625
199,2021-02-17_13-06-53-464057.jpeg,273.2534637451172,535.4337158203125,415.023193359375,702.5614624023438
200,2021-02-17_13-06-53-464057.jpeg,662.0882568359375,412.00792694091797,895.3270263671875,583.8764038085938
201,2021-02-17_13-06-53-464057.jpeg,471.56640625,833.2974853515625,580.771240234375,900.0
202,2021-02-17_13-06-53-464057.jpeg,468.22540283203125,472.2403564453125,824.0883178710938,767.2166748046875
203,2021-02-17_13-06-53-464057.jpeg,660.8109741210938,778.6192626953125,754.4171142578125,848.7601928710938
204,2021-02-17_13-06-53-464057.jpeg,750.3914794921875,477.6470642089844,1014.4921264648438,865.67822265625
205,2021-02-19_09-08-23-407065.jpeg,885.6815185546875,850.780029296875,978.667724609375,897.2957763671875
206,2021-02-19_09-08-23-407065.jpeg,610.1104736328125,768.5366821289062,697.7609558105469,852.8292236328125
207,2021-02-19_09-08-23-407065.jpeg,446.2582244873047,797.408935546875,574.3253173828125,896.7064819335938
208,2021-02-19_09-08-23-407065.jpeg,730.039306640625,530.8005981445312,899.7442016601562,726.2484741210938
209,2021-02-19_09-08-23-407065.jpeg,613.9931335449219,581.98095703125,819.5714111328125,860.257080078125
210,2021-02-19_09-08-23-407065.jpeg,688.4755859375,781.8900146484375,797.6090087890625,870.192138671875
211,2021-02-19_09-08-23-407065.jpeg,912.2728881835938,630.4631958007812,1100.0,834.95458984375
212,2021-02-19_09-08-23-407065.jpeg,621.1560668945312,695.0896911621094,691.5771484375,803.6962280273438
213,2021-02-19_09-08-23-407065.jpeg,246.25725936889648,529.2243804931641,558.1567993164062,870.5142822265625
214,2021-02-19_09-08-23-407065.jpeg,946.597900390625,447.81251525878906,1088.1019897460938,649.14404296875
215,2021-02-19_09-08-23-407065.jpeg,580.5617065429688,600.0478515625,673.9266357421875,725.9188842773438
216,2021-02-19_09-08-23-407065.jpeg,437.61151123046875,637.8045959472656,530.9684753417969,730.2367858886719
217,2021-02-16_14-03-11-297259.jpeg,251.929443359375,519.6477813720703,391.4937744140625,729.4001770019531
218,2021-02-16_14-03-11-297259.jpeg,577.6137390136719,549.7524261474609,815.4329833984375,762.6610107421875
219,2021-02-16_14-03-11-297259.jpeg,329.79571533203125,644.8804626464844,591.9474487304688,868.1561279296875
220,2021-02-16_14-03-11-297259.jpeg,565.6141052246094,789.910888671875,785.0936279296875,889.4418334960938
221,2021-02-16_14-03-11-297259.jpeg,474.5595397949219,387.2175598144531,826.7769775390625,553.0094146728516
222,2021-02-16_14-03-11-297259.jpeg,369.4508972167969,561.5772705078125,580.7626342773438,684.3317260742188
223,2021-02-16_14-03-11-297259.jpeg,495.62860107421875,507.80364990234375,701.7542724609375,647.6743469238281
224,2021-02-16_14-03-11-297259.jpeg,254.26953125,421.35243225097656,475.7547607421875,569.2865295410156
225,2021-02-16_14-03-11-297259.jpeg,736.05029296875,446.12091064453125,962.93701171875,589.5145263671875
226,2021-02-16_14-03-11-297259.jpeg,741.31787109375,626.4819030761719,809.9058227539062,717.7799377441406
227,2021-02-16_14-03-11-297259.jpeg,534.7189331054688,837.03515625,658.3707885742188,900.0
228,2021-02-16_14-03-11-297259.jpeg,927.5165405273438,794.1129760742188,1076.2447509765625,897.7601928710938
229,2021-02-16_14-03-11-297259.jpeg,901.2005615234375,577.3661193847656,1038.9660034179688,738.3142700195312
230,2021-02-16_15-52-18-444285.jpeg,376.5530242919922,549.8277740478516,570.4186096191406,714.5223388671875
231,2021-02-16_15-52-18-444285.jpeg,284.0015563964844,693.0552062988281,521.6898498535156,890.1805419921875
232,2021-02-16_15-52-18-444285.jpeg,522.1723327636719,546.4815063476562,881.1012573242188,670.1945190429688
233,2021-02-16_15-52-18-444285.jpeg,216.42260360717773,453.7270812988281,423.8300476074219,676.7411193847656
234,2021-02-16_15-52-18-444285.jpeg,447.05125427246094,445.994140625,754.2345581054688,604.5174560546875
235,2021-02-16_15-52-18-444285.jpeg,436.0046691894531,620.994140625,778.2342529296875,751.3377685546875
236,2021-02-16_15-52-18-444285.jpeg,661.8726806640625,807.1994934082031,783.0167236328125,897.3689575195312
237,2021-02-16_15-52-18-444285.jpeg,770.8184204101562,474.1862487792969,1032.9264526367188,833.9976196289062
238,2021-02-16_15-52-18-444285.jpeg,457.37823486328125,723.759033203125,729.076416015625,869.3539428710938
239,2021-02-16_15-52-18-444285.jpeg,957.2841796875,496.23065185546875,1072.607177734375,632.8405151367188
240,2021-02-16_15-52-18-444285.jpeg,440.4163360595703,450.9653625488281,524.2923278808594,519.8616638183594
241,2021-02-16_15-38-33-983703.jpeg,460.3555908203125,753.6209716796875,570.2720336914062,879.1685791015625
242,2021-02-16_15-38-33-983703.jpeg,352.8715057373047,800.9032287597656,451.8072814941406,889.660400390625
243,2021-02-16_15-38-33-983703.jpeg,559.2061462402344,571.6929016113281,1100.0,900.0
244,2021-02-16_15-38-33-983703.jpeg,578.6658630371094,809.3871459960938,675.8767395019531,900.0
245,2021-02-16_15-38-33-983703.jpeg,504.6868896484375,698.0579833984375,719.9052124023438,798.1571655273438
246,2021-02-16_15-38-33-983703.jpeg,783.9610595703125,593.0700378417969,940.8800659179688,684.4527282714844
247,2021-02-16_15-38-33-983703.jpeg,319.7298278808594,600.5390014648438,506.42352294921875,727.3966064453125
248,2021-02-16_15-38-33-983703.jpeg,312.74058532714844,401.9739532470703,683.8839416503906,602.5481872558594
249,2021-02-16_15-38-33-983703.jpeg,258.68592071533203,581.5192260742188,350.77972412109375,669.2925415039062
250,2021-02-16_15-38-33-983703.jpeg,325.8820571899414,593.9431762695312,716.9274291992188,889.8619384765625
251,2021-02-16_15-38-33-983703.jpeg,675.2236938476562,762.0431213378906,862.88720703125,895.0855712890625
252,2021-02-16_15-38-33-983703.jpeg,371.824462890625,491.20384216308594,487.1983947753906,579.50244140625
253,2021-02-16_15-38-33-983703.jpeg,882.7636108398438,829.5103149414062,1052.956298828125,898.7717895507812
254,2021-02-16_15-38-33-983703.jpeg,543.6350708007812,602.2691040039062,629.3870239257812,676.4453125
255,2021-02-16_15-38-33-983703.jpeg,475.8945007324219,674.869873046875,558.0463256835938,758.5524291992188
256,2021-02-16_15-43-32-279752.jpeg,458.42340087890625,773.9645690917969,612.1380920410156,889.5873413085938
257,2021-02-16_15-43-32-279752.jpeg,714.0789794921875,520.5422058105469,820.8524169921875,736.1056518554688
258,2021-02-16_15-43-32-279752.jpeg,472.764404296875,542.8374481201172,678.4468994140625,776.0781860351562
259,2021-02-16_15-43-32-279752.jpeg,230.75286674499512,456.18707275390625,397.26251220703125,674.5259704589844
260,2021-02-16_15-43-32-279752.jpeg,752.3240356445312,452.8642883300781,1045.26611328125,832.6039428710938
261,2021-02-16_15-43-32-279752.jpeg,527.7502746582031,379.2553024291992,889.9368286132812,642.1647644042969
262,2021-02-16_15-43-32-279752.jpeg,266.7549133300781,575.4931030273438,575.34130859375,870.7564697265625
263,2021-02-16_15-43-32-279752.jpeg,266.8886947631836,408.83876037597656,454.41346740722656,523.7743225097656
264,2021-02-16_15-43-32-279752.jpeg,768.8602294921875,808.9302978515625,877.94384765625,890.5599975585938
265,2021-02-17_15-32-46-587039.jpeg,550.08935546875,516.4779510498047,886.0631713867188,816.7098388671875
266,2021-02-17_15-32-46-587039.jpeg,243.7929344177246,527.1932373046875,555.9986877441406,833.7452392578125
267,2021-02-17_15-32-46-587039.jpeg,286.1310577392578,444.0174255371094,454.31451416015625,613.2848205566406
268,2021-02-17_15-32-46-587039.jpeg,438.0941925048828,373.65147399902344,785.4259643554688,492.0876159667969
269,2021-02-17_15-32-46-587039.jpeg,289.2390670776367,628.6356201171875,363.2564392089844,735.5087585449219
270,2021-02-17_15-32-46-587039.jpeg,476.378173828125,644.1437377929688,603.6454467773438,818.512451171875
271,2021-02-17_15-32-46-587039.jpeg,703.1030578613281,801.24560546875,873.6099853515625,897.3113403320312
272,2021-02-17_15-32-46-587039.jpeg,592.1021423339844,301.8118042945862,651.7628479003906,340.5255355834961
273,2021-02-17_15-32-46-587039.jpeg,325.50691986083984,829.7800903320312,420.1385498046875,900.0
274,2021-02-17_15-32-46-587039.jpeg,901.5358276367188,599.8352661132812,948.4705810546875,670.9019775390625
275,2021-02-17_15-32-46-587039.jpeg,368.7700653076172,608.9754333496094,474.9534606933594,680.6392211914062
276,2021-02-17_15-32-46-587039.jpeg,491.04107666015625,474.7970733642578,724.8702392578125,572.3678588867188
277,2021-02-17_15-32-46-587039.jpeg,495.4097900390625,523.084716796875,563.9698486328125,617.4558715820312
278,2021-02-17_15-32-46-587039.jpeg,633.4879150390625,822.664794921875,758.586669921875,898.263671875
279,2021-02-17_09-57-32-502777.jpeg,669.637939453125,518.4716186523438,829.8290405273438,683.9544677734375
280,2021-02-17_09-57-32-502777.jpeg,559.9673461914062,655.87451171875,718.972412109375,794.7957763671875
281,2021-02-17_09-57-32-502777.jpeg,314.0275573730469,643.2069396972656,435.13775634765625,866.9342041015625
282,2021-02-17_09-57-32-502777.jpeg,421.89910888671875,690.2720031738281,559.1087646484375,900.0
283,2021-02-17_09-57-32-502777.jpeg,223.70862197875977,691.8529663085938,331.2403259277344,879.3661499023438
284,2021-02-17_09-57-32-502777.jpeg,482.48028564453125,365.1251754760742,686.7747192382812,518.9674987792969
285,2021-02-17_09-57-32-502777.jpeg,253.15243911743164,538.0640869140625,415.5569763183594,717.5091247558594
286,2021-02-17_09-57-32-502777.jpeg,528.4056701660156,537.0269775390625,872.0042114257812,881.0489501953125
287,2021-02-17_09-57-32-502777.jpeg,593.6425170898438,617.31787109375,661.0799865722656,669.384033203125
288,2021-02-17_09-57-32-502777.jpeg,779.9238891601562,426.6865539550781,1025.4290771484375,859.6498413085938
289,2021-02-17_09-57-32-502777.jpeg,369.3774871826172,371.71559143066406,527.0480651855469,550.5166015625
290,2021-02-17_09-57-32-502777.jpeg,943.369873046875,554.7441558837891,1090.3377075195312,717.2706909179688
291,2021-02-17_13-21-04-024336.jpeg,424.30992126464844,500.40692138671875,617.824951171875,680.4447326660156
292,2021-02-17_13-21-04-024336.jpeg,621.283203125,635.2935180664062,854.8074951171875,861.08984375
293,2021-02-17_13-21-04-024336.jpeg,369.15020751953125,683.4627075195312,585.4352722167969,888.8009033203125
294,2021-02-17_13-21-04-024336.jpeg,235.33034896850586,561.3671875,429.9606475830078,767.204833984375
295,2021-02-17_13-21-04-024336.jpeg,602.922119140625,450.1705017089844,719.4758911132812,552.0361633300781
296,2021-02-17_13-21-04-024336.jpeg,631.2816162109375,837.0679931640625,743.0117797851562,899.695556640625
297,2021-02-17_13-21-04-024336.jpeg,612.8057250976562,548.8330535888672,791.7391357421875,715.63037109375
298,2021-02-17_13-21-04-024336.jpeg,501.5228576660156,672.2394409179688,608.8956909179688,793.096923828125
299,2021-02-17_13-21-04-024336.jpeg,695.2632446289062,418.0784149169922,996.9564208984375,763.72802734375
300,2021-02-17_13-21-04-024336.jpeg,611.1737060546875,789.2907104492188,705.4479370117188,868.8742065429688
301,2021-02-17_13-21-04-024336.jpeg,558.3397216796875,381.6321258544922,855.43603515625,529.0966186523438
302,2021-02-17_13-21-04-024336.jpeg,229.68347358703613,807.8844604492188,346.0743713378906,892.1390380859375
303,2021-02-16_14-27-04-002007.jpeg,332.85882568359375,455.1767120361328,504.81298828125,649.1163024902344
304,2021-02-16_14-27-04-002007.jpeg,475.226806640625,524.1702117919922,716.5067138671875,714.6090087890625
305,2021-02-16_14-27-04-002007.jpeg,225.47388458251953,768.8687438964844,491.0233154296875,882.147705078125
306,2021-02-16_14-27-04-002007.jpeg,512.7852478027344,437.73089599609375,1043.597900390625,629.2736511230469
307,2021-02-16_14-27-04-002007.jpeg,471.546142578125,662.1600952148438,1100.0,850.36279296875
308,2021-02-16_14-27-04-002007.jpeg,231.29397773742676,428.2704772949219,350.6613311767578,659.1217956542969
309,2021-02-16_14-27-04-002007.jpeg,950.8128662109375,353.74824142456055,1083.57666015625,560.2925720214844
310,2021-02-16_14-27-04-002007.jpeg,869.51171875,746.10107421875,1100.0,875.795166015625
311,2021-02-16_14-27-04-002007.jpeg,351.4532165527344,730.9419555664062,691.9191589355469,832.4539794921875
312,2021-02-16_14-27-04-002007.jpeg,393.4954833984375,434.5787811279297,492.3577880859375,504.17335510253906
313,2021-02-16_14-27-04-002007.jpeg,567.278564453125,794.91552734375,847.3035278320312,890.1400146484375
314,2021-02-16_14-27-04-002007.jpeg,660.3102111816406,536.1192626953125,835.336181640625,613.85546875
315,2021-02-16_14-27-04-002007.jpeg,818.5338134765625,835.7420043945312,932.1884765625,898.5952758789062
316,2021-02-16_14-27-04-002007.jpeg,485.1203308105469,838.68603515625,638.8932800292969,900.0
317,2021-02-16_14-27-04-002007.jpeg,1030.289794921875,300.0,1095.45947265625,384.6852035522461
318,2021-02-17_11-14-12-687926.jpeg,555.4121704101562,479.7150573730469,667.221923828125,544.6295166015625
319,2021-02-17_11-14-12-687926.jpeg,390.23272705078125,626.7774047851562,610.4487609863281,743.1593017578125
320,2021-02-17_11-14-12-687926.jpeg,250.19597244262695,539.7321624755859,411.7897644042969,715.94873046875
321,2021-02-17_11-14-12-687926.jpeg,530.1923828125,666.4877624511719,718.2894287109375,845.9200439453125
322,2021-02-17_11-14-12-687926.jpeg,441.932373046875,749.8521118164062,628.50927734375,900.0
323,2021-02-17_11-14-12-687926.jpeg,658.0050659179688,408.75640869140625,921.5509643554688,550.1964721679688
324,2021-02-17_11-14-12-687926.jpeg,750.344482421875,803.6442260742188,862.73828125,894.9283447265625
325,2021-02-17_11-14-12-687926.jpeg,205.00142288208008,815.1690063476562,298.2596740722656,895.77783203125
326,2021-02-17_11-14-12-687926.jpeg,659.9335632324219,548.2012481689453,964.7410888671875,881.118408203125
327,2021-02-16_15-36-01-715671.jpeg,265.9051742553711,395.4341812133789,898.448486328125,773.243408203125
328,2021-02-16_15-36-01-715671.jpeg,603.7601013183594,536.9708404541016,818.684326171875,662.4487609863281
329,2021-02-16_15-36-01-715671.jpeg,359.357666015625,714.4287414550781,523.068115234375,877.711181640625
330,2021-02-16_15-36-01-715671.jpeg,235.81634521484375,453.2166442871094,406.6758728027344,606.2520751953125
331,2021-02-16_15-36-01-715671.jpeg,673.0115966796875,702.2003784179688,796.7900390625,839.741943359375
332,2021-02-16_15-36-01-715671.jpeg,463.5559997558594,456.8880157470703,713.999267578125,585.9654235839844
333,2021-02-16_15-36-01-715671.jpeg,545.68310546875,768.4000854492188,708.7674560546875,896.96826171875
334,2021-02-16_15-36-01-715671.jpeg,262.84942626953125,782.4469299316406,372.3114013671875,889.6585693359375
335,2021-02-16_15-36-01-715671.jpeg,363.87001037597656,539.2105865478516,493.99066162109375,653.7031860351562
336,2021-02-16_15-36-01-715671.jpeg,518.2351379394531,618.6982116699219,792.428466796875,783.3175048828125
337,2021-02-16_15-36-01-715671.jpeg,321.1473617553711,430.4110107421875,505.09136962890625,519.218505859375
338,2021-02-16_15-36-01-715671.jpeg,940.8961181640625,784.1341552734375,1076.921875,896.2183837890625
339,2021-02-16_15-36-01-715671.jpeg,767.7582397460938,805.6640625,878.299560546875,894.6912231445312
340,2021-02-16_15-36-01-715671.jpeg,419.447021484375,645.593994140625,577.314697265625,780.7696838378906
341,2021-02-16_15-36-01-715671.jpeg,928.7608642578125,593.3304138183594,1072.473388671875,756.6935119628906
342,2021-02-16_15-36-01-715671.jpeg,671.0873413085938,832.9217529296875,791.9169921875,900.0
343,2021-02-16_15-36-01-715671.jpeg,253.76202011108398,662.6423034667969,347.04844665527344,773.8865661621094
344,2021-02-17_11-12-42-019846.jpeg,237.45587921142578,601.5089111328125,396.39512634277344,775.1593017578125
345,2021-02-17_11-12-42-019846.jpeg,606.4383850097656,592.9342346191406,708.2838439941406,826.8264770507812
346,2021-02-17_11-12-42-019846.jpeg,492.63018798828125,692.8312683105469,609.3834838867188,885.2528686523438
347,2021-02-17_11-12-42-019846.jpeg,261.26009368896484,746.5941162109375,452.7228546142578,900.0
348,2021-02-17_11-12-42-019846.jpeg,419.9566345214844,575.2268676757812,564.7683715820312,796.5575561523438
349,2021-02-17_11-12-42-019846.jpeg,580.6543884277344,837.3131103515625,687.7991027832031,897.712646484375
350,2021-02-17_11-12-42-019846.jpeg,522.3844604492188,465.3468017578125,880.5941162109375,856.7534790039062
351,2021-02-17_11-12-42-019846.jpeg,653.1200256347656,413.68778228759766,829.22021484375,555.7621154785156
352,2021-02-17_11-12-42-019846.jpeg,711.0302734375,651.8670959472656,843.5726318359375,810.141357421875
353,2021-02-17_11-12-42-019846.jpeg,605.9916381835938,495.2514953613281,683.8500366210938,569.3612670898438
354,2021-02-17_11-12-42-019846.jpeg,508.3762512207031,516.7835693359375,663.4163208007812,634.5688171386719
355,2021-02-17_11-12-42-019846.jpeg,650.4844360351562,508.73193359375,782.9440307617188,620.9214172363281
356,2021-02-17_11-12-42-019846.jpeg,412.07952880859375,571.4935913085938,509.8749694824219,646.9498291015625
357,2021-02-17_11-12-42-019846.jpeg,665.1884765625,760.8893737792969,866.8292236328125,900.0
358,2021-02-17_11-12-42-019846.jpeg,722.768798828125,339.5833396911621,1024.87646484375,722.2684936523438
359,2021-02-17_11-12-42-019846.jpeg,934.5841674804688,570.379150390625,1090.7562866210938,709.9357299804688
360,2021-02-17_11-31-47-289300.jpeg,446.8978271484375,487.9149169921875,611.5605773925781,670.166259765625
361,2021-02-17_11-31-47-289300.jpeg,330.0162658691406,505.85455322265625,438.08091735839844,621.0747375488281
362,2021-02-17_11-31-47-289300.jpeg,274.58213806152344,626.05517578125,386.93115234375,748.3617553710938
363,2021-02-17_11-31-47-289300.jpeg,375.16680908203125,636.5069274902344,499.111083984375,757.7661437988281
364,2021-02-17_11-31-47-289300.jpeg,487.73077392578125,743.6019287109375,671.5649719238281,891.9024658203125
365,2021-02-17_11-31-47-289300.jpeg,368.21165466308594,748.9959716796875,486.0139465332031,878.6809692382812
366,2021-02-17_11-31-47-289300.jpeg,610.7594909667969,530.5866088867188,804.9713134765625,685.6138000488281
367,2021-02-17_11-31-47-289300.jpeg,259.0793914794922,791.1834106445312,381.5428924560547,900.0
368,2021-02-17_11-31-47-289300.jpeg,671.5532836914062,772.4883728027344,879.1463623046875,897.0001220703125
369,2021-02-17_11-31-47-289300.jpeg,636.8021240234375,497.960205078125,989.3681640625,898.1649169921875
370,2021-02-17_11-31-47-289300.jpeg,707.964599609375,703.0562438964844,806.26953125,779.1311645507812
371,2021-02-17_11-31-47-289300.jpeg,580.3449401855469,671.4561462402344,734.4959716796875,810.3927612304688
372,2021-02-17_11-31-47-289300.jpeg,630.5969543457031,796.3557739257812,734.1452026367188,885.9315795898438
373,2021-02-17_11-31-47-289300.jpeg,265.49078369140625,539.6066284179688,575.7257690429688,870.1143798828125
374,2021-02-17_11-31-47-289300.jpeg,757.9654541015625,574.870361328125,904.1332397460938,763.5094604492188
375,2021-02-17_11-31-47-289300.jpeg,784.1024169921875,333.1186065673828,955.5687866210938,526.8525238037109
376,2021-02-17_11-31-47-289300.jpeg,936.7670288085938,574.4230041503906,1089.7244873046875,712.9579467773438
377,2021-02-19_09-31-19-594412.jpeg,732.4943237304688,533.8285675048828,916.3684692382812,720.6859130859375
378,2021-02-19_09-31-19-594412.jpeg,692.9633178710938,745.252197265625,886.4921875,888.60595703125
379,2021-02-19_09-31-19-594412.jpeg,876.2886352539062,788.3922729492188,976.6116333007812,897.00732421875
380,2021-02-19_09-31-19-594412.jpeg,498.116455078125,422.1829528808594,859.2264404296875,757.3936157226562
381,2021-02-19_09-31-19-594412.jpeg,856.4120483398438,806.6421508789062,898.5501098632812,867.987060546875
382,2021-02-19_09-31-19-594412.jpeg,234.02528762817383,400.1427459716797,533.5885009765625,762.9971008300781
383,2021-02-17_09-46-13-806529.jpeg,588.9613647460938,681.3341064453125,859.5311889648438,900.0
384,2021-02-17_09-46-13-806529.jpeg,425.09033203125,592.7146911621094,632.466552734375,797.7309265136719
385,2021-02-17_09-46-13-806529.jpeg,956.3948364257812,507.6344299316406,1100.0,665.1682739257812
386,2021-02-17_09-46-13-806529.jpeg,449.1700744628906,372.1172180175781,721.6779174804688,510.1720733642578
387,2021-02-17_09-46-13-806529.jpeg,500.7175598144531,519.2027435302734,676.9363708496094,676.9197998046875
388,2021-02-17_09-46-13-806529.jpeg,203.7613124847412,641.8809814453125,305.4997863769531,825.5015869140625
389,2021-02-17_09-46-13-806529.jpeg,610.770263671875,539.8614349365234,807.4471435546875,686.9589233398438
390,2021-02-17_09-46-13-806529.jpeg,345.6002197265625,626.2577209472656,488.0733642578125,783.6835327148438
391,2021-02-17_09-46-13-806529.jpeg,395.3891296386719,814.6578979492188,628.84326171875,884.5701293945312
392,2021-02-17_09-46-13-806529.jpeg,772.1668701171875,430.45648193359375,1037.101806640625,894.341552734375
393,2021-02-17_09-46-13-806529.jpeg,269.8500213623047,368.30674743652344,577.4639587402344,725.6873168945312
394,2021-02-16_15-55-06-412139.jpeg,441.06219482421875,465.22137451171875,714.3660888671875,615.9544372558594
395,2021-02-16_15-55-06-412139.jpeg,221.61075973510742,455.2466735839844,411.9588623046875,687.1943359375
396,2021-02-16_15-55-06-412139.jpeg,344.3240966796875,724.3165893554688,765.8346557617188,890.4876098632812
397,2021-02-16_15-55-06-412139.jpeg,585.253662109375,587.924072265625,885.05859375,725.7803955078125
398,2021-02-16_15-55-06-412139.jpeg,642.7607421875,761.0032348632812,823.6786499023438,866.3806762695312
399,2021-02-16_15-55-06-412139.jpeg,729.0786743164062,401.4088439941406,962.2363891601562,576.9646606445312
400,2021-02-16_15-55-06-412139.jpeg,756.7526245117188,563.5407104492188,1030.3043212890625,898.2801513671875
401,2021-02-16_15-55-06-412139.jpeg,358.8176574707031,440.0357208251953,456.4950866699219,539.0133056640625
402,2021-02-16_15-55-06-412139.jpeg,383.24745178222656,580.8833312988281,574.766357421875,718.0652465820312
403,2021-02-16_15-55-06-412139.jpeg,947.590576171875,808.4810485839844,1064.88232421875,900.0
404,2021-02-16_15-55-06-412139.jpeg,638.6007080078125,825.0780639648438,729.7280883789062,896.4089965820312
405,2021-02-16_15-55-06-412139.jpeg,948.6492309570312,595.73388671875,1085.9385986328125,794.5278930664062
406,2021-02-16_15-55-06-412139.jpeg,247.64502716064453,826.8648681640625,351.1919708251953,900.0
407,2021-02-17_13-52-52-435804.jpeg,234.19202423095703,656.6678771972656,378.96229553222656,804.5934448242188
408,2021-02-17_13-52-52-435804.jpeg,485.42449951171875,525.6986694335938,659.3637084960938,683.5538024902344
409,2021-02-17_13-52-52-435804.jpeg,660.4555969238281,507.82374572753906,845.62255859375,699.8624877929688
410,2021-02-17_13-52-52-435804.jpeg,404.85926818847656,779.763427734375,635.0096130371094,900.0
411,2021-02-17_13-52-52-435804.jpeg,670.5117492675781,746.9090576171875,857.9595947265625,884.5514526367188
412,2021-02-17_13-52-52-435804.jpeg,217.3397045135498,804.2608642578125,340.70396423339844,900.0
413,2021-02-17_13-52-52-435804.jpeg,592.39892578125,402.13526916503906,779.9957885742188,545.0181579589844
414,2021-02-17_13-52-52-435804.jpeg,456.64361572265625,623.8165893554688,674.3714294433594,795.8634033203125
415,2021-02-17_13-52-52-435804.jpeg,471.66375732421875,412.9005432128906,661.2702331542969,567.2223815917969
416,2021-02-17_13-52-52-435804.jpeg,911.5968627929688,483.368896484375,976.6180419921875,564.1679382324219
417,2021-02-17_13-52-52-435804.jpeg,619.0398864746094,300.2530188560486,661.5373840332031,341.05088806152344
418,2021-02-17_13-52-52-435804.jpeg,611.9765930175781,807.1779174804688,696.0138549804688,900.0
419,2021-02-17_13-52-52-435804.jpeg,908.736572265625,450.89337158203125,945.1875,497.3975830078125
420,2021-02-17_13-52-52-435804.jpeg,530.9835815429688,455.18214416503906,580.4867248535156,499.9061737060547
421,2021-02-17_13-52-52-435804.jpeg,328.3182678222656,802.0547790527344,417.4413146972656,896.1981811523438
422,2021-02-17_13-52-52-435804.jpeg,728.3861694335938,347.08028411865234,1027.466796875,745.2168273925781
423,2021-02-17_13-52-52-435804.jpeg,766.6533203125,634.6000671386719,957.8297119140625,793.798095703125
424,2021-02-17_13-52-52-435804.jpeg,930.4002685546875,761.4725646972656,1100.0,900.0
425,2021-02-17_13-52-52-435804.jpeg,591.1452026367188,551.3961181640625,632.2992553710938,587.0636596679688
426,2021-02-16_16-48-06-420848.jpeg,635.9329223632812,522.1071472167969,826.7840576171875,654.1270446777344
427,2021-02-16_16-48-06-420848.jpeg,654.3321838378906,638.0755920410156,989.5501708984375,790.3254089355469
428,2021-02-16_16-48-06-420848.jpeg,574.4713134765625,571.2270202636719,712.158203125,722.9247436523438
429,2021-02-16_16-48-06-420848.jpeg,653.2596435546875,799.4132995605469,832.546142578125,899.3690185546875
430,2021-02-16_16-48-06-420848.jpeg,901.6834716796875,677.080810546875,1085.8824462890625,835.3114013671875
431,2021-02-16_16-48-06-420848.jpeg,450.75209045410156,710.7166748046875,628.5787963867188,865.8068237304688
432,2021-02-16_16-48-06-420848.jpeg,978.827392578125,607.8436279296875,1083.2432861328125,690.4331359863281
433,2021-02-16_16-48-06-420848.jpeg,880.67578125,816.0094604492188,1016.3084716796875,895.477783203125
434,2021-02-16_16-48-06-420848.jpeg,463.6955261230469,680.4910888671875,563.1470947265625,770.6329956054688
435,2021-02-16_16-48-06-420848.jpeg,584.4686889648438,717.7280883789062,683.8526611328125,845.7857055664062
436,2021-02-16_16-48-06-420848.jpeg,570.7052001953125,809.2867431640625,664.8865661621094,900.0
437,2021-02-16_16-48-06-420848.jpeg,547.5865478515625,591.8119506835938,634.561279296875,662.1409301757812
438,2021-02-16_16-48-06-420848.jpeg,788.0924682617188,583.6253662109375,1034.630859375,688.0213012695312
439,2021-02-16_14-45-38-736031.jpeg,484.2516174316406,663.966064453125,696.738037109375,843.6765747070312
440,2021-02-16_14-45-38-736031.jpeg,209.46186065673828,435.01190185546875,390.92352294921875,636.8175048828125
441,2021-02-16_14-45-38-736031.jpeg,378.78057861328125,506.6923828125,512.798828125,644.47998046875
442,2021-02-16_14-45-38-736031.jpeg,994.9049072265625,809.1700439453125,1096.673095703125,900.0
443,2021-02-16_14-45-38-736031.jpeg,359.57781982421875,650.8131103515625,477.94683837890625,812.3450927734375
444,2021-02-16_14-45-38-736031.jpeg,633.6344909667969,413.4563903808594,816.595947265625,550.9574890136719
445,2021-02-16_14-45-38-736031.jpeg,473.57086181640625,391.53284454345703,649.3892822265625,528.4189910888672
446,2021-02-16_14-45-38-736031.jpeg,529.3301391601562,504.3755798339844,668.5559692382812,631.1077270507812
447,2021-02-16_14-45-38-736031.jpeg,956.9758911132812,586.9757690429688,1087.0013427734375,762.5789794921875
448,2021-02-16_14-45-38-736031.jpeg,459.8133850097656,840.3194580078125,571.5221557617188,900.0
449,2021-02-16_14-45-38-736031.jpeg,247.87860107421875,482.572265625,626.126708984375,787.6722412109375
450,2021-02-16_14-45-38-736031.jpeg,783.7871704101562,397.52405548095703,958.645751953125,558.536376953125
451,2021-02-16_14-45-38-736031.jpeg,772.6087036132812,476.92523193359375,1031.3532104492188,867.3433837890625
452,2021-02-16_14-45-38-736031.jpeg,953.845703125,391.4620590209961,1079.6510009765625,539.6163330078125
453,2021-02-16_14-45-38-736031.jpeg,634.1840209960938,508.09832763671875,811.2328491210938,651.1571350097656
454,2021-02-17_11-07-36-291949.jpeg,327.0110855102539,663.2166748046875,442.5713806152344,900.0
455,2021-02-17_11-07-36-291949.jpeg,478.9490966796875,666.0312194824219,706.8042602539062,882.3739013671875
456,2021-02-17_11-07-36-291949.jpeg,603.1356201171875,445.1811218261719,676.2300415039062,520.8347473144531
457,2021-02-17_11-07-36-291949.jpeg,595.34130859375,528.3660583496094,791.4600830078125,689.2021179199219
458,2021-02-17_11-07-36-291949.jpeg,919.8240966796875,633.9957885742188,1100.0,791.3526000976562
459,2021-02-17_11-07-36-291949.jpeg,732.7537231445312,591.3902587890625,862.4404907226562,818.8118896484375
460,2021-02-17_11-07-36-291949.jpeg,423.1187438964844,565.9673767089844,547.7650451660156,808.1195068359375
461,2021-02-17_11-07-36-291949.jpeg,221.48722076416016,657.0940551757812,326.13348388671875,829.2566528320312
462,2021-02-17_11-07-36-291949.jpeg,619.5391845703125,832.0474853515625,754.5071411132812,898.3004150390625
463,2021-02-17_11-07-36-291949.jpeg,321.0858917236328,335.7708320617676,643.2508239746094,648.7271118164062
464,2021-02-17_11-07-36-291949.jpeg,651.4202880859375,402.3366394042969,881.1749267578125,580.354736328125
465,2021-02-17_11-07-36-291949.jpeg,272.0078659057617,534.9529418945312,427.19427490234375,752.8950805664062
466,2021-02-17_11-07-36-291949.jpeg,403.66302490234375,720.9157104492188,474.4951171875,875.236083984375
467,2021-02-17_11-07-36-291949.jpeg,718.3436279296875,741.53173828125,916.4188232421875,900.0
468,2021-02-17_11-07-36-291949.jpeg,560.6539916992188,533.0490112304688,645.108154296875,593.1521911621094
469,2021-02-17_11-07-36-291949.jpeg,390.5357360839844,656.369140625,472.1051940917969,721.523193359375
470,2021-02-17_10-33-13-322184.jpeg,290.3243865966797,547.4133453369141,449.5185089111328,717.154296875
471,2021-02-17_10-33-13-322184.jpeg,549.82763671875,535.2229919433594,724.5549926757812,711.3970947265625
472,2021-02-17_10-33-13-322184.jpeg,588.5751647949219,765.7305908203125,784.3758544921875,898.557373046875
473,2021-02-17_10-33-13-322184.jpeg,407.1728515625,724.0491943359375,572.4932250976562,880.7671508789062
474,2021-02-17_10-33-13-322184.jpeg,698.7249755859375,453.4023742675781,880.2044677734375,591.0661010742188
475,2021-02-17_10-33-13-322184.jpeg,203.54953956604004,629.8824157714844,313.3368606567383,823.8228149414062
476,2021-02-17_10-33-13-322184.jpeg,274.15879821777344,704.201904296875,439.8821258544922,883.783203125
477,2021-02-17_10-33-13-322184.jpeg,930.0067138671875,565.2554321289062,1096.0379638671875,712.7901306152344
478,2021-02-17_10-33-13-322184.jpeg,446.2864685058594,566.0767211914062,565.1957092285156,716.4620971679688
479,2021-02-17_10-35-51-591434.jpeg,323.42537689208984,592.0447082519531,478.74188232421875,762.8072204589844
480,2021-02-17_10-35-51-591434.jpeg,650.59326171875,516.5604400634766,828.09814453125,681.0656433105469
481,2021-02-17_10-35-51-591434.jpeg,534.7037048339844,650.228271484375,738.4928588867188,846.8258666992188
482,2021-02-17_10-35-51-591434.jpeg,492.8754577636719,590.9317626953125,583.5177001953125,687.2495727539062
483,2021-02-17_10-35-51-591434.jpeg,357.541015625,767.007568359375,556.0755920410156,900.0
484,2021-02-17_10-35-51-591434.jpeg,944.27978515625,497.3023986816406,1086.3888549804688,651.54541015625
485,2021-02-17_10-35-51-591434.jpeg,204.6582317352295,638.6002807617188,307.9842071533203,823.944091796875
486,2021-02-17_10-35-51-591434.jpeg,726.5302124023438,378.458251953125,1068.283447265625,761.9801330566406
487,2021-02-17_10-35-51-591434.jpeg,484.67596435546875,657.1469116210938,540.4980773925781,774.3244018554688
488,2021-02-17_10-35-51-591434.jpeg,435.01239013671875,414.55602264404297,667.4273071289062,549.0430755615234
489,2021-02-17_10-35-51-591434.jpeg,537.600341796875,637.4131469726562,636.2044677734375,707.5322875976562
490,2021-02-17_10-35-51-591434.jpeg,414.1370849609375,485.68727111816406,459.46722412109375,531.8027801513672
491,2021-02-17_10-35-51-591434.jpeg,559.1399536132812,565.6667175292969,656.8764343261719,650.9952392578125
492,2021-02-17_11-24-52-428477.jpeg,374.0401916503906,558.0225219726562,531.8021240234375,733.0238342285156
493,2021-02-17_11-24-52-428477.jpeg,223.65568161010742,547.738037109375,324.21803283691406,659.4899291992188
494,2021-02-17_11-24-52-428477.jpeg,580.3481750488281,443.09092712402344,682.3319396972656,530.819091796875
495,2021-02-17_11-24-52-428477.jpeg,442.24981689453125,742.1578979492188,625.2245483398438,890.3005981445312
496,2021-02-17_11-24-52-428477.jpeg,361.66949462890625,318.763858795166,736.093505859375,614.7939453125
497,2021-02-17_11-24-52-428477.jpeg,650.19775390625,398.7062759399414,877.2227783203125,545.7322540283203
498,2021-02-17_11-24-52-428477.jpeg,203.71391105651855,649.6638793945312,315.7571258544922,856.61865234375
499,2021-02-17_11-24-52-428477.jpeg,618.3700866699219,302.59820652008057,664.0695495605469,340.2685241699219
500,2021-02-17_11-24-52-428477.jpeg,374.5614776611328,525.7566223144531,485.7757568359375,612.0148010253906
501,2021-02-17_11-24-52-428477.jpeg,742.8768310546875,803.3576049804688,858.946044921875,894.2406616210938
502,2021-02-17_11-24-52-428477.jpeg,426.8375549316406,478.70904541015625,538.3450927734375,548.878173828125
503,2021-02-17_11-24-52-428477.jpeg,922.095947265625,547.6206665039062,1086.6532592773438,708.4354248046875
504,2021-02-15_15-53-21-399871.jpeg,588.5978698730469,532.9206390380859,760.2304077148438,831.7099609375
505,2021-02-15_15-53-21-399871.jpeg,613.3676452636719,380.07220458984375,940.213134765625,688.5762634277344
506,2021-02-15_15-53-21-399871.jpeg,792.4417724609375,802.2528686523438,921.6951904296875,895.8887939453125
507,2021-02-15_15-53-21-399871.jpeg,238.59207153320312,837.3590698242188,351.18629455566406,900.0
508,2021-02-15_15-53-21-399871.jpeg,925.4178466796875,805.3897705078125,1007.2921142578125,900.0
509,2021-02-15_15-53-21-399871.jpeg,478.0289306640625,829.520263671875,574.2817687988281,900.0
510,2021-02-15_15-53-21-399871.jpeg,695.6470947265625,685.8004760742188,857.6798095703125,875.61328125
511,2021-02-16_16-01-04-676229.jpeg,341.6241455078125,496.9966278076172,492.6884460449219,658.8133850097656
512,2021-02-16_16-01-04-676229.jpeg,278.3862838745117,709.0011291503906,408.13494873046875,853.1329345703125
513,2021-02-16_16-01-04-676229.jpeg,503.50506591796875,482.73858642578125,906.5703735351562,860.0709228515625
514,2021-02-16_16-01-04-676229.jpeg,200.0,456.58970642089844,364.4009246826172,635.9457397460938
515,2021-02-16_16-01-04-676229.jpeg,275.79410552978516,553.2994995117188,604.8351135253906,893.12158203125
516,2021-02-16_16-01-04-676229.jpeg,903.4497680664062,791.6747131347656,1012.7302856445312,899.0096435546875
517,2021-02-16_16-01-04-676229.jpeg,228.59276580810547,582.8806762695312,371.2533721923828,783.1414489746094
518,2021-02-16_16-01-04-676229.jpeg,475.34893798828125,528.41357421875,592.5894775390625,594.6011047363281
519,2021-02-16_16-01-04-676229.jpeg,719.0745239257812,387.57212829589844,1095.8400268554688,668.7861938476562
520,2021-02-16_16-01-04-676229.jpeg,401.9378662109375,423.95774841308594,616.02001953125,558.8903198242188
521,2021-02-16_16-01-04-676229.jpeg,400.67503356933594,634.4530334472656,472.8673095703125,752.6584167480469
522,2021-02-16_16-01-04-676229.jpeg,287.2871322631836,831.7738037109375,401.5533752441406,899.8345947265625
523,2021-02-16_16-01-04-676229.jpeg,575.5190734863281,829.9696044921875,699.7852783203125,900.0
524,2021-02-16_16-01-04-676229.jpeg,719.3287963867188,747.353271484375,899.145263671875,900.0
525,2021-02-16_16-01-04-676229.jpeg,394.9409942626953,492.6605224609375,447.96046447753906,540.3143310546875
526,2021-02-16_16-01-04-676229.jpeg,430.24981689453125,457.6698455810547,473.2830810546875,506.88047790527344
527,2021-02-17_09-59-33-266634.jpeg,320.62754821777344,473.2653350830078,470.7003173828125,640.2100524902344
528,2021-02-17_09-59-33-266634.jpeg,273.7852249145508,730.439208984375,394.5096130371094,870.849853515625
529,2021-02-17_09-59-33-266634.jpeg,466.3983154296875,688.2021789550781,725.9611206054688,829.3651123046875
530,2021-02-17_09-59-33-266634.jpeg,534.6778869628906,570.2967529296875,686.9111328125,697.799560546875
531,2021-02-17_09-59-33-266634.jpeg,429.1438293457031,758.5127563476562,592.4505615234375,893.0579223632812
532,2021-02-17_09-59-33-266634.jpeg,237.46904373168945,560.6709899902344,351.66339111328125,746.8849487304688
533,2021-02-17_09-59-33-266634.jpeg,468.46405029296875,467.166015625,713.6372680664062,601.5609436035156
534,2021-02-17_09-59-33-266634.jpeg,391.1496887207031,621.2077026367188,456.7794494628906,672.6248779296875
535,2021-02-17_09-59-33-266634.jpeg,418.9470520019531,638.4822998046875,512.267578125,750.9011535644531
536,2021-02-17_09-59-33-266634.jpeg,301.95836639404297,870.16455078125,367.43218994140625,900.0
537,2021-02-17_09-59-33-266634.jpeg,635.3587951660156,776.6383056640625,859.1275634765625,900.0
538,2021-02-17_09-59-33-266634.jpeg,902.6514282226562,583.3615417480469,1047.7070922851562,758.7891845703125
539,2021-02-17_09-59-33-266634.jpeg,925.4407348632812,492.87811279296875,1092.886474609375,652.0001525878906
540,2021-02-17_15-34-55-019211.jpeg,598.8721008300781,319.80703353881836,962.0032958984375,636.833251953125
541,2021-02-17_15-34-55-019211.jpeg,311.74110412597656,354.4552116394043,590.7806701660156,663.5721435546875
542,2021-02-17_15-34-55-019211.jpeg,254.50066757202148,703.7081909179688,460.29827880859375,887.2169189453125
543,2021-02-17_15-34-55-019211.jpeg,381.18601989746094,797.6631469726562,452.99737548828125,878.1524658203125
544,2021-02-17_15-34-55-019211.jpeg,332.3012390136719,781.8769226074219,399.8199462890625,875.85595703125
545,2021-02-17_15-34-55-019211.jpeg,200.0,572.82568359375,316.15740966796875,771.7865295410156
546,2021-02-17_15-34-55-019211.jpeg,777.5574951171875,460.15594482421875,1026.1484375,850.0458984375
547,2021-02-17_15-34-55-019211.jpeg,421.3510284423828,825.1671142578125,547.3003540039062,896.2299194335938
548,2021-02-17_15-34-55-019211.jpeg,508.6867980957031,374.8124313354492,649.26025390625,573.7210388183594
549,2021-02-17_15-34-55-019211.jpeg,224.8730525970459,822.0726928710938,346.7660369873047,896.85302734375
550,2021-02-16_15-49-15-311996.jpeg,424.2913818359375,390.27882385253906,750.069091796875,692.2467651367188
551,2021-02-16_15-49-15-311996.jpeg,667.534912109375,732.2406005859375,866.831298828125,900.0
552,2021-02-16_15-49-15-311996.jpeg,308.08045196533203,728.0529174804688,477.9449157714844,896.5537109375
553,2021-02-16_15-49-15-311996.jpeg,491.2837219238281,766.281005859375,623.0107116699219,900.0
554,2021-02-16_15-49-15-311996.jpeg,226.8033618927002,463.36639404296875,384.9320831298828,674.9548645019531
555,2021-02-16_15-49-15-311996.jpeg,408.95469665527344,594.7041320800781,569.9840087890625,740.6400146484375
556,2021-02-16_15-49-15-311996.jpeg,648.6894226074219,602.171142578125,690.2118835449219,651.7037353515625
557,2021-02-16_15-49-15-311996.jpeg,799.6614379882812,440.4902038574219,910.153076171875,530.1064758300781
558,2021-02-16_15-49-15-311996.jpeg,592.9197387695312,691.1553955078125,693.3865966796875,770.5917663574219
559,2021-02-16_15-49-15-311996.jpeg,661.9858093261719,457.42926025390625,835.6922607421875,649.0734252929688
560,2021-02-16_15-49-15-311996.jpeg,727.18310546875,444.98406982421875,1057.4029541015625,818.2139282226562
561,2021-02-16_15-49-15-311996.jpeg,378.59844970703125,510.0739440917969,519.6204528808594,648.2746276855469
562,2021-02-16_15-49-15-311996.jpeg,258.42955017089844,829.8160400390625,340.9728088378906,900.0
563,2021-02-16_15-49-15-311996.jpeg,922.7947387695312,752.9873046875,1082.8307495117188,900.0
564,2021-02-16_15-49-15-311996.jpeg,510.2137451171875,596.0755615234375,721.4912719726562,758.783935546875
565,2021-02-16_15-49-15-311996.jpeg,360.2541198730469,428.55511474609375,473.95172119140625,564.9967651367188
566,2021-02-16_15-49-15-311996.jpeg,596.0060424804688,793.3935546875,663.7055358886719,884.3978881835938
567,2021-02-16_14-29-29-039751.jpeg,650.2243957519531,552.7686767578125,822.552001953125,731.8872985839844
568,2021-02-16_14-29-29-039751.jpeg,499.95025634765625,441.79774475097656,686.9622802734375,638.0554504394531
569,2021-02-16_14-29-29-039751.jpeg,272.54505157470703,596.6926879882812,448.9403381347656,795.6046752929688
570,2021-02-16_14-29-29-039751.jpeg,373.4170684814453,437.8410339355469,514.4430541992188,600.4322814941406
571,2021-02-16_14-29-29-039751.jpeg,390.9913024902344,752.4855651855469,530.3426513671875,894.1328125
572,2021-02-16_14-29-29-039751.jpeg,509.7840576171875,668.9169921875,705.5155639648438,844.8646240234375
573,2021-02-16_14-29-29-039751.jpeg,218.15920448303223,458.54168701171875,391.19081115722656,668.3482055664062
574,2021-02-16_14-29-29-039751.jpeg,638.3270263671875,531.7161560058594,724.83642578125,620.9747009277344
575,2021-02-16_14-29-29-039751.jpeg,369.8391876220703,595.5971374511719,482.39617919921875,692.8545227050781
576,2021-02-16_14-29-29-039751.jpeg,952.508544921875,363.7462348937988,1083.8627319335938,557.4198303222656
577,2021-02-16_14-29-29-039751.jpeg,751.861572265625,447.70587158203125,1021.1370239257812,874.3570556640625
578,2021-02-16_14-29-29-039751.jpeg,312.62133026123047,595.8360595703125,380.4353790283203,679.6522216796875
579,2021-02-16_14-29-29-039751.jpeg,950.4313354492188,571.2388916015625,1082.6062622070312,737.1985473632812
580,2021-02-16_14-29-29-039751.jpeg,705.3595581054688,363.30041885375977,790.8978271484375,418.5260696411133
581,2021-02-16_14-29-29-039751.jpeg,691.9150390625,507.0318145751953,721.278076171875,559.9710693359375
582,2021-02-16_14-29-29-039751.jpeg,937.596435546875,708.615234375,1081.558349609375,897.58984375
583,2021-02-16_14-29-29-039751.jpeg,591.2255249023438,563.0775451660156,655.8526916503906,653.2018737792969
584,2021-02-16_14-40-20-204051.jpeg,528.7923278808594,501.2697448730469,680.0118103027344,658.7607727050781
585,2021-02-16_14-40-20-204051.jpeg,484.221923828125,684.6187133789062,687.4522705078125,879.0888671875
586,2021-02-16_14-40-20-204051.jpeg,670.1215515136719,556.2180786132812,828.7755737304688,723.7766418457031
587,2021-02-16_14-40-20-204051.jpeg,363.4966735839844,656.4587097167969,488.6061706542969,803.9334106445312
588,2021-02-16_14-40-20-204051.jpeg,361.5817565917969,426.83953857421875,553.0746459960938,639.4072265625
589,2021-02-16_14-40-20-204051.jpeg,216.87373542785645,431.61143493652344,371.5199279785156,642.2815551757812
590,2021-02-16_14-40-20-204051.jpeg,935.9260864257812,437.14825439453125,1090.802490234375,592.9425964355469
591,2021-02-16_14-40-20-204051.jpeg,629.247314453125,402.9994812011719,904.593994140625,534.1117858886719
592,2021-02-16_14-40-20-204051.jpeg,347.7401123046875,808.4007568359375,433.5559387207031,900.0
593,2021-02-16_14-40-20-204051.jpeg,929.0885009765625,557.07568359375,1100.0,696.7242431640625
594,2021-02-16_14-40-20-204051.jpeg,280.16326904296875,571.4630737304688,388.8057098388672,723.0213012695312
595,2021-02-16_14-40-20-204051.jpeg,434.34364318847656,404.91016387939453,546.5748901367188,474.9153747558594
596,2021-02-16_14-40-20-204051.jpeg,922.7630004882812,711.11474609375,1094.3718872070312,883.0044555664062
597,2021-02-16_14-40-20-204051.jpeg,714.0552368164062,487.1617431640625,1052.2623901367188,852.320068359375
598,2021-02-16_14-40-20-204051.jpeg,416.10487365722656,785.9644775390625,481.78594970703125,881.36865234375
599,2021-02-16_14-40-20-204051.jpeg,761.4912109375,521.1097869873047,841.52587890625,567.8537292480469
600,2021-02-16_14-40-20-204051.jpeg,670.38427734375,838.2965087890625,785.8544921875,900.0
601,2021-02-17_15-34-23-687127.jpeg,545.494140625,339.36092376708984,894.0963745117188,623.1254272460938
602,2021-02-17_15-34-23-687127.jpeg,410.3022766113281,668.3052062988281,647.7494506835938,890.256591796875
603,2021-02-17_15-34-23-687127.jpeg,661.8722534179688,564.8669738769531,860.508056640625,713.2755432128906
604,2021-02-17_15-34-23-687127.jpeg,422.0178985595703,815.2498779296875,519.8317260742188,888.8631591796875
605,2021-02-17_15-34-23-687127.jpeg,595.6979675292969,338.64549255371094,695.47021484375,411.1007766723633
606,2021-02-17_15-34-23-687127.jpeg,660.0547790527344,811.0013122558594,800.6084594726562,900.0
607,2021-02-17_15-34-23-687127.jpeg,753.9653930664062,402.0887145996094,1027.4098510742188,803.6774597167969
608,2021-02-17_15-34-23-687127.jpeg,200.0,576.09521484375,315.4180603027344,789.6549072265625
609,2021-02-17_15-34-23-687127.jpeg,366.8269348144531,864.7890625,436.23480224609375,899.9112548828125
610,2021-02-17_15-34-23-687127.jpeg,470.4458312988281,574.9965209960938,688.2745361328125,752.0517883300781
611,2021-02-17_15-34-23-687127.jpeg,951.469970703125,513.6929321289062,1100.0,649.5901489257812
612,2021-02-17_15-34-23-687127.jpeg,476.54864501953125,758.2879638671875,568.4165344238281,851.570556640625
613,2021-02-17_15-34-23-687127.jpeg,488.855712890625,375.887939453125,578.8538818359375,503.67018127441406
614,2021-02-17_13-52-03-871750.jpeg,604.2254028320312,596.8993835449219,804.2428588867188,765.576904296875
615,2021-02-17_13-52-03-871750.jpeg,534.7461547851562,499.0187072753906,690.3197021484375,647.9825134277344
616,2021-02-17_13-52-03-871750.jpeg,492.1240234375,680.3926391601562,607.4670715332031,784.2745056152344
617,2021-02-17_13-52-03-871750.jpeg,335.0752258300781,729.9221801757812,530.8245239257812,900.0
618,2021-02-17_13-52-03-871750.jpeg,506.20770263671875,790.829345703125,736.3775634765625,895.2671508789062
619,2021-02-17_13-52-03-871750.jpeg,202.1511173248291,689.6808471679688,304.99908447265625,844.0812377929688
620,2021-02-17_13-52-03-871750.jpeg,749.163818359375,451.4441223144531,1041.4353637695312,827.60693359375
621,2021-02-17_13-52-03-871750.jpeg,331.4728240966797,665.1109008789062,527.762451171875,774.8907470703125
622,2021-02-17_13-52-03-871750.jpeg,694.2447814941406,771.4158935546875,898.930908203125,900.0
623,2021-02-17_13-52-03-871750.jpeg,203.61258792877197,648.6246643066406,276.31378173828125,741.0926513671875
624,2021-02-17_13-52-03-871750.jpeg,223.2646770477295,549.9048156738281,361.6624450683594,724.3125915527344
625,2021-02-17_13-52-03-871750.jpeg,915.505126953125,515.4334259033203,977.6300659179688,596.2522888183594
626,2021-02-17_13-52-03-871750.jpeg,676.5000610351562,555.0375061035156,733.9645385742188,592.3003845214844
627,2021-02-16_16-46-14-357559.jpeg,608.2899169921875,492.0387725830078,821.8330078125,730.0957946777344
628,2021-02-16_16-46-14-357559.jpeg,515.4175415039062,566.2660827636719,601.7462768554688,659.0651245117188
629,2021-02-16_16-46-14-357559.jpeg,876.603271484375,803.9408569335938,977.3751220703125,897.8770751953125
630,2021-02-16_16-46-14-357559.jpeg,676.1754150390625,845.55029296875,773.47509765625,897.359375
631,2021-02-16_16-46-14-357559.jpeg,752.46875,374.1437225341797,1032.4346923828125,727.6819458007812
632,2021-02-17_15-34-27-487076.jpeg,241.78881072998047,500.18421936035156,532.4681396484375,826.7761840820312
633,2021-02-17_15-34-27-487076.jpeg,607.205322265625,330.9165458679199,916.6760864257812,572.5662841796875
634,2021-02-17_15-34-27-487076.jpeg,466.0982666015625,668.6683959960938,641.4596862792969,900.0
635,2021-02-17_15-34-27-487076.jpeg,660.4142150878906,551.5288696289062,874.053466796875,702.4188232421875
636,2021-02-17_15-34-27-487076.jpeg,433.5873107910156,560.7136840820312,582.1638488769531,757.3321838378906
637,2021-02-17_15-34-27-487076.jpeg,227.29724884033203,403.6278381347656,346.57228088378906,508.7205505371094
638,2021-02-17_15-34-27-487076.jpeg,542.4189453125,414.04090118408203,634.8401489257812,516.5090026855469
639,2021-02-17_15-34-27-487076.jpeg,662.6502075195312,803.4927062988281,796.706787109375,899.8502197265625
640,2021-02-17_15-34-27-487076.jpeg,752.3966674804688,398.3985137939453,1024.4356689453125,767.7942504882812
641,2021-02-17_15-34-27-487076.jpeg,369.0057678222656,425.277587890625,561.4837951660156,577.4878234863281
642,2021-02-17_15-34-27-487076.jpeg,265.78363037109375,843.5084228515625,387.8305358886719,900.0
643,2021-02-17_15-34-27-487076.jpeg,230.93213844299316,716.3046569824219,412.5923614501953,877.0230712890625
644,2021-02-17_15-34-27-487076.jpeg,572.1162719726562,786.2207641601562,675.0318908691406,900.0
645,2021-02-17_15-34-27-487076.jpeg,228.46016693115234,501.3089904785156,312.2298889160156,613.321044921875
646,2021-02-17_15-34-27-487076.jpeg,413.2943878173828,448.1993713378906,519.2720336914062,488.94053649902344
647,2021-02-17_10-35-37-934264.jpeg,264.1152114868164,628.9644775390625,427.82806396484375,808.2763671875
648,2021-02-17_10-35-37-934264.jpeg,371.25592041015625,717.6536254882812,522.1530456542969,891.5335083007812
649,2021-02-17_10-35-37-934264.jpeg,587.7328491210938,489.6602478027344,760.081298828125,651.9696655273438
650,2021-02-17_10-35-37-934264.jpeg,487.66558837890625,626.1875915527344,618.3582763671875,748.8772888183594
651,2021-02-17_10-35-37-934264.jpeg,417.1524963378906,491.4324035644531,576.8509826660156,655.7105407714844
652,2021-02-17_10-35-37-934264.jpeg,506.6590270996094,715.5789184570312,685.4297485351562,889.81884765625
653,2021-02-17_10-35-37-934264.jpeg,673.064208984375,614.7445983886719,857.4470825195312,821.686279296875
654,2021-02-17_10-35-37-934264.jpeg,438.83056640625,489.19146728515625,519.7623291015625,551.5995178222656
655,2021-02-17_10-35-37-934264.jpeg,400.5832061767578,482.9720153808594,779.0037231445312,860.7327270507812
656,2021-02-17_10-35-37-934264.jpeg,397.27293395996094,493.3161315917969,445.0876770019531,537.6075134277344
657,2021-02-17_10-35-37-934264.jpeg,629.5611572265625,755.3592224121094,827.0344848632812,899.080810546875
658,2021-02-17_10-35-37-934264.jpeg,791.50146484375,335.99803161621094,1048.4083862304688,746.3872375488281
659,2021-02-17_10-35-37-934264.jpeg,499.7897033691406,702.4333190917969,546.90966796875,755.1190795898438
660,2021-02-15_16-01-58-522747.jpeg,617.8808288574219,555.8909454345703,844.640625,824.6924438476562
661,2021-02-15_16-01-58-522747.jpeg,649.5045166015625,352.63496017456055,973.3375244140625,636.4620971679688
662,2021-02-15_16-01-58-522747.jpeg,774.3453979492188,802.78173828125,901.7490844726562,900.0
663,2021-02-15_16-01-58-522747.jpeg,414.9980163574219,798.5543212890625,598.6934814453125,900.0
664,2021-02-15_16-01-58-522747.jpeg,868.45166015625,806.746337890625,976.9661254882812,897.792236328125
665,2021-02-15_16-01-58-522747.jpeg,568.6082458496094,741.8526306152344,601.4549865722656,785.6752624511719
666,2021-02-15_16-01-58-522747.jpeg,242.2342758178711,836.5707397460938,351.31329345703125,900.0
667,2021-02-16_16-59-13-346878.jpeg,486.728515625,618.8290100097656,697.8523254394531,738.8599853515625
668,2021-02-16_16-59-13-346878.jpeg,744.7110595703125,528.77978515625,972.0658569335938,693.8419189453125
669,2021-02-16_16-59-13-346878.jpeg,601.5762939453125,631.0393981933594,997.7863159179688,900.0
670,2021-02-16_16-59-13-346878.jpeg,475.6435241699219,695.7717895507812,622.0360412597656,823.3587646484375
671,2021-02-16_16-59-13-346878.jpeg,497.19122314453125,562.53271484375,588.1677551269531,631.40576171875
672,2021-02-16_16-59-13-346878.jpeg,583.4902038574219,517.9744567871094,759.2972412109375,628.6441345214844
673,2021-02-16_16-59-13-346878.jpeg,890.4728393554688,517.7574920654297,983.229248046875,611.0899658203125
674,2021-02-16_16-59-13-346878.jpeg,516.3091125488281,396.45611572265625,949.7864990234375,626.5165100097656
675,2021-02-16_16-59-13-346878.jpeg,588.0661315917969,795.6767578125,669.9866943359375,835.3924560546875
676,2021-02-16_16-59-13-346878.jpeg,836.4646606445312,840.620849609375,986.51611328125,900.0
677,2021-02-16_16-59-13-346878.jpeg,735.0675048828125,510.3561706542969,846.0878295898438,595.5212097167969
678,2021-02-16_16-59-13-346878.jpeg,588.2058410644531,782.5991821289062,761.3323974609375,880.6045532226562
679,2021-02-17_15-27-47-886939.jpeg,426.19078063964844,402.4721145629883,734.8851928710938,667.11279296875
680,2021-02-17_15-27-47-886939.jpeg,448.5348663330078,626.3131103515625,733.96533203125,893.9533081054688
681,2021-02-17_15-27-47-886939.jpeg,682.6057739257812,491.609130859375,972.1431884765625,900.0
682,2021-02-17_15-27-47-886939.jpeg,200.0,575.1251831054688,311.7723617553711,786.42529296875
683,2021-02-17_15-27-47-886939.jpeg,675.7377624511719,405.34405517578125,880.16943359375,554.8888092041016
684,2021-02-17_15-27-47-886939.jpeg,393.54115295410156,686.326171875,475.9610595703125,755.8778686523438
685,2021-02-17_15-27-47-886939.jpeg,739.7887573242188,824.9525146484375,859.8549194335938,900.0
686,2021-02-17_15-27-47-886939.jpeg,473.75030517578125,769.4716796875,599.0602416992188,887.5275268554688
687,2021-02-17_15-27-47-886939.jpeg,682.0291748046875,790.8600769042969,757.0413818359375,875.062744140625
688,2021-02-17_15-08-42-794713.jpeg,358.95037841796875,305.98081970214844,897.338134765625,760.6183776855469
689,2021-02-17_15-08-42-794713.jpeg,268.0452194213867,701.3171997070312,594.1430358886719,900.0
690,2021-02-17_15-08-42-794713.jpeg,537.9325256347656,621.197265625,707.9879455566406,779.568115234375
691,2021-02-17_15-08-42-794713.jpeg,267.6197738647461,407.31707763671875,477.54156494140625,632.4744873046875
692,2021-02-17_15-08-42-794713.jpeg,911.6318969726562,721.3104248046875,1074.5054931640625,900.0
693,2021-02-17_15-08-42-794713.jpeg,602.498779296875,704.4540710449219,790.327880859375,853.9484252929688
694,2021-02-17_15-08-42-794713.jpeg,703.9006958007812,586.5277404785156,916.270751953125,848.3406982421875
695,2021-02-17_15-08-42-794713.jpeg,246.13737106323242,544.9940795898438,345.4760284423828,728.2489013671875
696,2021-02-17_15-08-42-794713.jpeg,313.83026123046875,571.8740539550781,469.44677734375,783.1968383789062
697,2021-02-17_15-08-42-794713.jpeg,453.41004943847656,403.988525390625,547.5601196289062,507.79473876953125
698,2021-02-17_15-08-42-794713.jpeg,551.3170166015625,455.767578125,685.2685546875,652.1290588378906
699,2021-02-17_15-08-42-794713.jpeg,927.9288330078125,503.3704376220703,1077.9077758789062,664.2911376953125
700,2021-02-17_15-08-42-794713.jpeg,442.62522888183594,730.6063232421875,669.3338012695312,824.5064086914062
701,2021-02-17_15-08-42-794713.jpeg,213.09768867492676,702.1270141601562,335.60516357421875,886.7863159179688
702,2021-02-17_15-08-42-794713.jpeg,621.7413940429688,834.835205078125,725.7593994140625,899.3909301757812
703,2021-02-17_15-08-42-794713.jpeg,769.37158203125,823.2005004882812,877.5307006835938,900.0
704,2021-02-17_15-08-42-794713.jpeg,655.5361938476562,366.13643646240234,756.2449340820312,525.2835388183594
705,2021-02-17_15-08-42-794713.jpeg,531.4913635253906,434.9300231933594,613.9588623046875,540.9010009765625
706,2021-02-17_15-08-42-794713.jpeg,293.19468688964844,441.505615234375,383.0982360839844,522.6046447753906
707,2021-02-17_15-08-42-794713.jpeg,498.7243957519531,300.0,550.2091064453125,337.14075469970703
708,2021-02-16_16-50-46-792885.jpeg,492.1124267578125,593.4711303710938,659.0016479492188,765.4871520996094
709,2021-02-16_16-50-46-792885.jpeg,720.8457641601562,526.8327484130859,877.0485229492188,705.3499755859375
710,2021-02-16_16-50-46-792885.jpeg,619.5280456542969,710.1253051757812,793.3948364257812,886.6931762695312
711,2021-02-16_16-50-46-792885.jpeg,729.010498046875,642.2527770996094,770.754638671875,690.7927856445312
712,2021-02-16_16-50-46-792885.jpeg,650.33740234375,635.7359924316406,739.884033203125,733.109130859375
713,2021-02-17_10-01-53-862131.jpeg,336.6772918701172,519.74853515625,478.7182922363281,684.2900390625
714,2021-02-17_10-01-53-862131.jpeg,339.32713317871094,715.751220703125,525.5693969726562,883.9381713867188
715,2021-02-17_10-01-53-862131.jpeg,470.98907470703125,640.9807434082031,699.6077880859375,828.1529541015625
716,2021-02-17_10-01-53-862131.jpeg,225.59540367126465,530.01904296875,375.5578918457031,707.1368408203125
717,2021-02-17_10-01-53-862131.jpeg,450.77452087402344,544.1896667480469,622.9462890625,699.5706176757812
718,2021-02-17_10-01-53-862131.jpeg,734.1043090820312,432.03271484375,921.4791870117188,590.1683044433594
719,2021-02-17_10-01-53-862131.jpeg,624.0062561035156,718.679931640625,808.8817138671875,874.671630859375
720,2021-02-17_10-01-53-862131.jpeg,458.72808837890625,810.8343200683594,598.4569091796875,900.0
721,2021-02-17_10-01-53-862131.jpeg,279.5722198486328,357.2531433105469,578.7140197753906,539.7848815917969
722,2021-02-17_15-02-41-530535.jpeg,383.8551330566406,642.8500061035156,713.8143920898438,900.0
723,2021-02-17_15-02-41-530535.jpeg,215.1043930053711,572.0407104492188,356.724609375,759.0771484375
724,2021-02-17_15-02-41-530535.jpeg,404.30491638183594,440.2490539550781,646.339111328125,549.4703521728516
725,2021-02-17_15-02-41-530535.jpeg,247.72162628173828,710.3478393554688,388.1592102050781,882.9874267578125
726,2021-02-17_15-02-41-530535.jpeg,328.7709655761719,660.246826171875,407.34254455566406,750.1659851074219
727,2021-02-17_15-02-41-530535.jpeg,673.4241333007812,731.1912841796875,734.5821533203125,810.0323486328125
728,2021-02-17_15-02-41-530535.jpeg,266.5097427368164,439.8874053955078,461.25244140625,607.155029296875
729,2021-02-17_15-02-41-530535.jpeg,893.315673828125,758.2864990234375,1073.5595703125,900.0
730,2021-02-17_15-02-41-530535.jpeg,639.3040771484375,507.34510803222656,805.35498046875,653.41748046875
731,2021-02-17_15-02-41-530535.jpeg,459.12493896484375,562.96484375,687.9800109863281,709.7566223144531
732,2021-02-17_15-02-41-530535.jpeg,737.2716064453125,803.8900451660156,845.7965087890625,897.9952392578125
733,2021-02-17_15-02-41-530535.jpeg,311.59397888183594,835.389892578125,402.66722106933594,900.0
734,2021-02-17_15-02-41-530535.jpeg,635.625,507.74322509765625,954.92578125,894.0679321289062
735,2021-02-17_11-33-49-685437.jpeg,604.5662841796875,527.3893432617188,734.7057495117188,656.7120971679688
736,2021-02-17_11-33-49-685437.jpeg,415.53375244140625,725.8808898925781,547.3975524902344,876.2801513671875
737,2021-02-17_11-33-49-685437.jpeg,712.4049072265625,613.6820678710938,861.5081787109375,764.5830078125
738,2021-02-17_11-33-49-685437.jpeg,711.8026123046875,748.1730651855469,861.3711547851562,890.0473022460938
739,2021-02-17_11-33-49-685437.jpeg,521.5351867675781,777.7347106933594,681.1466674804688,900.0
740,2021-02-17_11-33-49-685437.jpeg,433.0837707519531,534.2261810302734,578.2166748046875,655.8476257324219
741,2021-02-17_11-33-49-685437.jpeg,338.55426025390625,560.1190185546875,507.4914855957031,743.1773071289062
742,2021-02-17_11-33-49-685437.jpeg,221.73987770080566,563.6198120117188,383.7090759277344,755.6616821289062
743,2021-02-17_11-33-49-685437.jpeg,320.4988479614258,863.4676513671875,367.1380920410156,900.0
744,2021-02-17_11-33-49-685437.jpeg,445.49951171875,404.21688079833984,612.7488403320312,570.4840393066406
745,2021-02-17_11-33-49-685437.jpeg,771.1640625,468.62103271484375,1020.40380859375,892.0724487304688
746,2021-02-17_11-33-49-685437.jpeg,737.7978515625,560.111083984375,801.6055908203125,609.6210327148438
747,2021-02-17_11-33-49-685437.jpeg,260.7268371582031,308.9733123779297,567.0834350585938,674.8788452148438
748,2021-02-17_11-33-49-685437.jpeg,938.6671752929688,508.1605224609375,1100.0,655.6599426269531
749,2021-02-17_11-33-49-685437.jpeg,516.3982849121094,653.1200561523438,660.5533752441406,792.5541381835938
750,2021-02-16_16-38-21-260454.jpeg,650.2493896484375,521.8451538085938,824.72314453125,705.5311889648438
751,2021-02-16_16-38-21-260454.jpeg,570.5241394042969,687.3845825195312,753.4949951171875,855.1583251953125
752,2021-02-16_16-38-21-260454.jpeg,747.8333129882812,390.4384307861328,831.3759765625,469.1284942626953
753,2021-02-16_16-38-21-260454.jpeg,549.4241027832031,823.572021484375,659.2057189941406,900.0
754,2021-02-16_16-38-21-260454.jpeg,458.443603515625,749.6224975585938,561.2362365722656,853.8802490234375
755,2021-02-16_16-38-21-260454.jpeg,485.356201171875,679.8262329101562,575.3046264648438,778.4796142578125
756,2021-02-16_16-38-21-260454.jpeg,568.2079467773438,619.9359130859375,650.301025390625,698.9342651367188
757,2021-02-16_16-38-21-260454.jpeg,736.8555297851562,696.9611206054688,812.420166015625,805.8348083496094
758,2021-02-16_16-38-21-260454.jpeg,792.0217895507812,587.863525390625,828.8027954101562,636.7859191894531
759,2021-02-16_16-38-21-260454.jpeg,716.301513671875,513.9888153076172,823.3114013671875,580.8584594726562
760,2021-02-17_15-47-32-647351.jpeg,662.0973510742188,493.1260070800781,838.7550659179688,659.4435424804688
761,2021-02-17_15-47-32-647351.jpeg,435.83203125,500.8224182128906,612.994384765625,641.1356811523438
762,2021-02-17_15-47-32-647351.jpeg,368.1600646972656,602.4482116699219,522.2267150878906,744.0301513671875
763,2021-02-17_15-47-32-647351.jpeg,259.4471206665039,739.3145751953125,440.78492736816406,900.0
764,2021-02-17_15-47-32-647351.jpeg,481.7805480957031,755.2898559570312,625.1585693359375,899.0599975585938
765,2021-02-17_15-47-32-647351.jpeg,444.50938415527344,380.3316650390625,736.8177490234375,497.5414123535156
766,2021-02-17_15-47-32-647351.jpeg,613.81591796875,810.8077697753906,708.1666870117188,893.4702758789062
767,2021-02-17_15-47-32-647351.jpeg,906.52734375,300.0,1081.675048828125,399.0890121459961
768,2021-02-17_15-47-32-647351.jpeg,782.3681030273438,398.62950897216797,1044.144775390625,823.0050048828125
769,2021-02-17_15-47-32-647351.jpeg,575.7061157226562,642.3430786132812,905.7647094726562,900.0
770,2021-02-17_15-47-32-647351.jpeg,740.66357421875,827.9251708984375,862.34423828125,900.0
771,2021-02-17_15-47-32-647351.jpeg,674.5605773925781,357.931640625,773.1658935546875,417.0006561279297
772,2021-02-17_15-47-32-647351.jpeg,200.0,520.7725067138672,318.9218063354492,715.9602355957031
773,2021-02-17_15-47-32-647351.jpeg,524.643310546875,458.79498291015625,726.9153442382812,595.6104736328125
